Sum of runs_scored,Column Labels,,,,,,
Row Labels,1,2,Grand Total,,,,
335982,205,63,268,,,,1Won
335983,234,196,430,,,,1Won
335984,122,122,244,,,,1Won
335985,154,161,315,,,,2Won
335986,100,84,184,,,,1Won
335987,162,156,318,,,,2Won
335988,137,131,268,,,,1Won
335989,190,189,379,,,,2Won
335990,208,210,418,,,,2Won
335991,175,109,284,,,,1Won
335992,129,135,264,,,,1Won
335993,139,134,273,,,,2Won
335994,143,146,289,,,,2Won
335995,147,153,300,,,,2Won
335996,174,158,332,,,,2Won
335997,124,123,247,,,,1Won
335998,187,169,356,,,,2Won
335999,160,161,321,,,,1Won
336000,182,139,321,,,,1Won
336001,162,166,328,,,,1Won
336002,152,168,320,,,,2Won
336003,164,162,326,,,,2Won
336004,152,129,281,,,,1Won
336005,102,89,191,,,,1Won
336006,116,110,226,,,,2Won
336007,134,143,277,,,,2Won
336008,96,92,188,,,,1Won
336009,175,177,352,,,,2Won
336010,124,118,242,,,,1Won
336011,134,130,264,,,,2Won
336012,111,113,224,,,,1Won
336013,166,160,326,,,,2Won
336014,199,165,364,,,,1Won
336015,145,142,287,,,,1Won
336016,128,135,263,,,,1Won
336017,122,102,224,,,,1Won
336018,144,142,286,,,,2Won
336019,216,176,392,,,,2Won
336020,186,179,365,,,,1Won
336021,59,58,117,,,,1Won
336022,108,90,198,,,,2Won
336023,171,126,297,,,,2Won
336024,158,145,303,,,,1Won
336025,136,51,187,,,,1Won
336026,145,146,291,,,,2Won
336027,142,143,285,,,,1Won
336028,177,165,342,,,,2Won
336029,122,100,222,,,,1Won
336031,170,170,340,,,,2Won
336032,167,176,343,,,,2Won
336033,204,192,396,,,,2Won
336034,151,147,298,,,,1Won
336035,163,166,329,,,,2Won
336036,132,130,262,,,,1Won
336037,131,137,268,,,,2Won
336038,188,80,268,,,,1Won
336039,108,112,220,,,,1Won
336040,156,150,306,,,,2Won
392181,162,137,299,,,,1Won
392182,129,49,178,,,,1Won
392183,96,53,149,,,,1Won
392184,96,102,198,,,,2Won
392185,166,82,248,,,,1Won
392186,146,75,221,,,,1Won
392188,175,153,328,,,,2Won
392189,188,165,353,,,,1Won
392190,140,132,272,,,,1Won
392191,160,160,320,,,,2Won
392192,154,143,297,,,,1Won
392194,138,146,284,,,,1Won
392195,126,102,228,,,,1Won
392196,158,159,317,,,,2Won
392197,178,91,269,,,,1Won
392198,138,138,276,,,,1Won
392199,130,134,264,,,,1Won
392200,102,105,207,,,,1Won
392201,137,138,275,,,,2Won
392202,159,118,277,,,,1Won
392203,135,131,266,,,,1Won
392204,139,124,263,,,,1Won
392205,134,135,269,,,,1Won
392206,154,142,296,,,,2Won
392207,146,144,290,,,,1Won
392208,143,142,285,,,,1Won
392209,168,93,261,,,,1Won
392210,207,114,321,,,,1Won
392211,150,149,299,,,,1Won
392212,136,123,259,,,,1Won
392213,100,104,204,,,,1Won
392214,179,168,347,,,,2Won
392215,103,112,215,,,,1Won
392216,161,160,321,,,,2Won
392217,133,131,264,,,,1Won
392218,150,127,277,,,,1Won
392219,115,112,227,,,,1Won
392220,164,109,273,,,,1Won
392221,164,167,331,,,,2Won
392222,101,116,217,,,,1Won
392223,161,153,314,,,,2Won
392224,125,124,249,,,,1Won
392225,138,125,263,,,,2Won
392226,106,114,220,,,,1Won
392227,142,125,267,,,,2Won
392228,153,159,312,,,,2Won
392229,127,128,255,,,,1Won
392230,145,123,268,,,,1Won
392231,168,184,352,,,,2Won
392232,131,132,263,,,,1Won
392233,96,97,193,,,,1Won
392234,109,86,195,,,,1Won
392235,141,157,298,,,,2Won
392236,168,145,313,,,,2Won
392237,143,148,291,,,,1Won
392238,140,144,284,,,,2Won
392239,135,127,262,,,,1Won
419106,146,138,284,,,,2Won
419107,196,203,399,,,,2Won
419108,129,139,268,,,,1Won
419109,130,130,260,,,,2Won
419110,174,156,330,,,,2Won
419111,136,133,269,,,,1Won
419112,190,194,384,,,,2Won
419113,161,101,262,,,,1Won
419114,201,109,310,,,,1Won
419115,85,86,171,,,,1Won
419116,175,180,355,,,,2Won
419117,169,152,321,,,,1Won
419118,160,129,289,,,,1Won
419119,137,153,290,,,,1Won
419120,169,157,326,,,,2Won
419121,132,123,255,,,,1Won
419122,140,152,292,,,,2Won
419123,157,124,281,,,,1Won
419124,173,146,319,,,,1Won
419125,166,167,333,,,,1Won
419126,137,140,277,,,,1Won
419127,165,138,303,,,,2Won
419128,175,150,325,,,,1Won
419129,174,154,328,,,,1Won
419130,162,120,282,,,,1Won
419131,173,126,299,,,,1Won
419132,142,147,289,,,,1Won
419133,156,152,308,,,,2Won
419134,175,118,293,,,,1Won
419135,167,150,317,,,,1Won
419136,170,174,344,,,,2Won
419137,240,208,448,,,,2Won
419138,171,108,279,,,,1Won
419139,187,199,386,,,,2Won
419140,176,145,321,,,,1Won
419141,147,147,294,,,,1Won
419142,147,127,274,,,,1Won
419143,144,148,292,,,,2Won
419144,174,158,332,,,,2Won
419145,169,178,347,,,,2Won
419146,150,154,304,,,,1Won
419147,130,131,261,,,,1Won
419148,149,151,300,,,,2Won
419149,93,106,199,,,,1Won
419150,162,129,291,,,,2Won
419151,142,125,267,,,,1Won
419152,173,136,309,,,,1Won
419153,119,128,247,,,,1Won
419154,122,131,253,,,,2Won
419155,104,100,204,,,,1Won
419156,166,165,331,,,,2Won
419157,176,129,305,,,,1Won
419158,129,126,255,,,,1Won
419159,187,185,372,,,,2Won
419160,142,129,271,,,,1Won
419161,127,119,246,,,,1Won
419162,171,139,310,,,,2Won
419163,126,96,222,,,,1Won
419164,78,83,161,,,,1Won
419165,157,134,291,,,,2Won
501198,150,143,293,,,,1Won
501199,133,136,269,,,,1Won
501200,150,149,299,,,,2Won
501201,91,88,179,,,,1Won
501202,102,109,211,,,,2Won
501203,153,145,298,,,,2Won
501204,142,140,282,,,,1Won
501205,125,140,265,,,,1Won
501206,183,192,375,,,,2Won
501207,137,140,277,,,,1Won
501208,168,134,302,,,,1Won
501209,140,156,296,,,,1Won
501210,165,173,338,,,,2Won
501211,179,153,332,,,,1Won
501212,160,152,312,,,,1Won
501213,179,180,359,,,,2Won
501214,76,74,150,,,,1Won
501215,128,132,260,,,,2Won
501216,163,139,302,,,,2Won
501218,106,114,220,,,,1Won
501219,124,115,239,,,,2Won
501220,178,145,323,,,,2Won
501221,150,146,296,,,,1Won
501222,158,170,328,,,,2Won
501223,215,197,412,,,,2Won
501224,167,123,290,,,,1Won
501225,100,109,209,,,,1Won
501226,138,110,248,,,,2Won
501227,147,143,290,,,,2Won
501228,136,137,273,,,,1Won
501229,122,67,189,,,,1Won
501230,140,124,264,,,,2Won
501231,87,93,180,,,,1Won
501232,179,146,325,,,,2Won
501233,141,111,252,,,,1Won
501234,113,108,221,,,,1Won
501235,138,133,271,,,,2Won
501236,156,141,297,,,,2Won
501237,154,124,278,,,,1Won
501238,133,123,256,,,,1Won
501239,159,145,304,,,,2Won
501240,140,145,285,,,,1Won
501241,145,129,274,,,,1Won
501242,150,136,286,,,,1Won
501243,165,169,334,,,,2Won
501244,199,115,314,,,,1Won
501245,108,57,165,,,,1Won
501246,172,137,309,,,,2Won
501247,115,123,238,,,,1Won
501248,115,108,223,,,,1Won
501249,188,128,316,,,,2Won
501250,135,134,269,,,,1Won
501251,141,82,223,,,,1Won
501252,135,147,282,,,,2Won
501253,172,144,316,,,,2Won
501254,155,173,328,,,,2Won
501255,82,99,181,,,,1Won
501256,128,107,235,,,,2Won
501257,161,129,290,,,,2Won
501258,94,89,183,,,,1Won
501259,133,129,262,,,,2Won
501260,205,112,317,,,,1Won
501261,148,132,280,,,,1Won
501262,106,114,220,,,,1Won
501263,128,132,260,,,,2Won
501264,182,112,294,,,,1Won
501265,51,,51,,,,1Won
501266,118,119,237,,,,2Won
501267,169,162,331,,,,2Won
501268,161,169,330,,,,2Won
501269,141,144,285,,,,1Won
501270,171,138,309,,,,1Won
501271,196,141,337,,,,1Won
548306,100,109,209,,,,1Won
548307,90,95,185,,,,1Won
548308,121,96,217,,,,2Won
548309,172,154,326,,,,2Won
548310,151,133,284,,,,1Won
548311,182,115,297,,,,1Won
548312,161,135,296,,,,1Won
548313,154,133,287,,,,1Won
548314,133,138,271,,,,1Won
548315,159,113,272,,,,1Won
548316,104,110,214,,,,1Won
548317,191,166,357,,,,2Won
548318,189,203,392,,,,2Won
548319,103,116,219,,,,1Won
548320,121,125,246,,,,2Won
548321,151,158,309,,,,2Won
548322,149,151,300,,,,2Won
548323,127,123,250,,,,1Won
548324,189,133,322,,,,2Won
548325,83,82,165,,,,1Won
548326,183,191,374,,,,2Won
548327,175,179,354,,,,1Won
548328,121,122,243,,,,1Won
548329,185,177,362,,,,2Won
548330,162,136,298,,,,1Won
548331,155,158,313,,,,1Won
548332,132,145,277,,,,1Won
548333,177,167,344,,,,2Won
548334,157,158,315,,,,1Won
548335,123,118,241,,,,1Won
548336,170,133,303,,,,2Won
548337,141,141,282,,,,1Won
548339,158,162,320,,,,2Won
548341,166,150,316,,,,1Won
548342,198,166,364,,,,2Won
548343,151,143,294,,,,1Won
548344,185,138,323,,,,1Won
548345,144,147,291,,,,1Won
548346,95,91,186,,,,1Won
548347,133,127,260,,,,2Won
548348,175,167,342,,,,2Won
548349,136,135,271,,,,1Won
548350,152,159,311,,,,2Won
548351,109,113,222,,,,1Won
548352,152,146,298,,,,2Won
548353,131,133,264,,,,1Won
548354,171,122,293,,,,1Won
548355,164,171,335,,,,2Won
548356,175,179,354,,,,2Won
548357,139,138,277,,,,1Won
548358,115,126,241,,,,1Won
548359,163,133,296,,,,2Won
548360,134,137,271,,,,1Won
548361,114,114,228,,,,1Won
548362,164,134,298,,,,2Won
548363,177,151,328,,,,1Won
548364,107,114,221,,,,1Won
548365,167,121,288,,,,2Won
548366,181,186,367,,,,2Won
548367,157,162,319,,,,1Won
548368,155,155,310,,,,1Won
548369,132,138,270,,,,1Won
548370,126,104,230,,,,1Won
548371,116,118,234,,,,1Won
548372,211,187,398,,,,2Won
548373,119,119,238,,,,1Won
548374,133,136,269,,,,2Won
548375,129,92,221,,,,1Won
548376,122,120,242,,,,1Won
548377,148,145,293,,,,2Won
548378,158,130,288,,,,1Won
548379,182,138,320,,,,1Won
548380,216,125,341,,,,1Won
548381,183,184,367,,,,1Won
597998,123,123,246,,,,1Won
597999,140,146,286,,,,2Won
598000,123,102,225,,,,1Won
598001,156,149,305,,,,2Won
598002,139,132,271,,,,1Won
598003,96,97,193,,,,1Won
598004,122,114,236,,,,2Won
598005,135,114,249,,,,1Won
598006,199,155,354,,,,2Won
598007,130,136,266,,,,1Won
598008,148,148,296,,,,2Won
598009,138,142,280,,,,1Won
598010,107,112,219,,,,1Won
598011,180,137,317,,,,2Won
598012,157,158,315,,,,1Won
598013,172,120,292,,,,1Won
598014,114,117,231,,,,1Won
598015,151,133,284,,,,2Won
598016,151,141,292,,,,1Won
598017,147,148,295,,,,1Won
598018,114,108,222,,,,1Won
598019,164,85,249,,,,1Won
598020,160,79,239,,,,1Won
598021,116,121,237,,,,1Won
598022,115,118,233,,,,2Won
598023,117,107,224,,,,1Won
598024,158,161,319,,,,2Won
598025,177,183,360,,,,2Won
598026,175,179,354,,,,2Won
598027,252,129,381,,,,1Won
598028,162,151,313,,,,1Won
598029,153,158,311,,,,1Won
598030,151,154,305,,,,2Won
598031,144,138,282,,,,1Won
598032,133,144,277,,,,2Won
598033,185,125,310,,,,1Won
598034,197,166,363,,,,1Won
598035,150,143,293,,,,1Won
598036,161,168,329,,,,2Won
598037,166,157,323,,,,1Won
598038,160,121,281,,,,1Won
598039,122,127,249,,,,1Won
598040,129,135,264,,,,2Won
598041,183,168,351,,,,2Won
598042,175,164,339,,,,1Won
598043,125,123,248,,,,1Won
598044,74,78,152,,,,1Won
598045,167,168,335,,,,2Won
598046,135,70,205,,,,1Won
598047,167,179,346,,,,2Won
598048,156,157,313,,,,1Won
598049,147,144,291,,,,1Won
598050,159,96,255,,,,1Won
598051,213,142,355,,,,1Won
598052,136,141,277,,,,1Won
598053,141,102,243,,,,1Won
598054,178,168,346,,,,2Won
598055,108,112,220,,,,1Won
598056,146,112,258,,,,2Won
598057,112,111,223,,,,1Won
598058,133,143,276,,,,2Won
598059,113,115,228,,,,1Won
598060,171,177,348,,,,2Won
598061,169,148,317,,,,1Won
598062,158,126,284,,,,1Won
598063,159,136,295,,,,1Won
598064,180,183,363,,,,2Won
598065,121,107,228,,,,1Won
598066,176,124,300,,,,2Won
598067,167,118,285,,,,1Won
598068,101,80,181,,,,1Won
598069,116,123,239,,,,2Won
598070,191,139,330,,,,2Won
598071,126,131,257,,,,1Won
598072,151,159,310,,,,2Won
598073,143,116,259,,,,1Won
729279,155,117,272,,,,1Won
729281,135,142,277,,,,1Won
729283,191,200,391,,,,2Won
729285,118,130,248,,,,1Won
729287,103,114,217,,,,1Won
729289,152,156,308,,,,2Won
729291,185,184,369,,,,2Won
729293,171,82,253,,,,1Won
729295,184,113,297,,,,1Won
729297,127,131,258,,,,1Won
729299,143,140,283,,,,2Won
729301,179,174,353,,,,2Won
729303,140,135,275,,,,1Won
729305,66,68,134,,,,1Won
729307,127,99,226,,,,2Won
729309,114,117,231,,,,1Won
729311,129,142,271,,,,2Won
729313,114,115,229,,,,1Won
729315,147,141,288,,,,2Won
729317,154,148,302,,,,2Won
733971,142,110,252,,,,1Won
733973,155,164,319,,,,2Won
733975,148,152,300,,,,1Won
733977,145,153,298,,,,2Won
733979,163,150,313,,,,2Won
733981,167,170,337,,,,2Won
733983,162,158,320,,,,1Won
733985,152,149,301,,,,1Won
733987,221,183,404,,,,2Won
733989,122,92,214,,,,1Won
733991,183,160,343,,,,2Won
733993,138,33,171,,,,1Won
733995,152,149,301,,,,2Won
733997,145,145,290,,,,1Won
733999,183,184,367,,,,2Won
734001,151,157,308,,,,1Won
734003,136,141,277,,,,1Won
734005,177,160,337,,,,2Won
734007,190,207,397,,,,2Won
734009,134,137,271,,,,1Won
734011,186,130,316,,,,1Won
734013,132,129,261,,,,1Won
734015,132,145,277,,,,2Won
734017,172,145,317,,,,2Won
734019,159,150,309,,,,1Won
734021,153,154,307,,,,1Won
734023,151,152,303,,,,1Won
734025,148,149,297,,,,1Won
734027,188,155,343,,,,2Won
734029,177,184,361,,,,1Won
734031,164,152,316,,,,1Won
734033,165,156,321,,,,1Won
734035,148,155,303,,,,1Won
734037,139,156,295,,,,2Won
734039,108,104,212,,,,1Won
734041,184,188,372,,,,2Won
734043,156,130,286,,,,1Won
734045,171,167,338,,,,2Won
734047,215,186,401,,,,2Won
734049,191,194,385,,,,1Won
829705,165,166,331,,,,1Won
829707,136,144,280,,,,1Won
829709,141,127,268,,,,1Won
829711,194,153,347,,,,2Won
829713,171,171,342,,,,1Won
829715,175,180,355,,,,2Won
829717,171,151,322,,,,1Won
829719,150,156,306,,,,1Won
829721,159,161,320,,,,2Won
829723,145,159,304,,,,2Won
829725,157,158,315,,,,2Won
829727,121,124,245,,,,1Won
829729,176,178,354,,,,2Won
829731,158,159,317,,,,1Won
829733,142,157,299,,,,1Won
829735,150,156,306,,,,2Won
829737,192,175,367,,,,2Won
829739,133,140,273,,,,1Won
829741,181,186,367,,,,2Won
829743,172,98,270,,,,1Won
829745,171,148,319,,,,1Won
829747,182,142,324,,,,1Won
829749,126,129,255,,,,1Won
829751,147,132,279,,,,2Won
829753,180,87,267,,,,1Won
829757,87,97,184,,,,1Won
829759,149,123,272,,,,2Won
829761,159,151,310,,,,2Won
829763,184,,184,,,,1Won
829765,122,127,249,,,,1Won
829767,110,111,221,,,,1Won
829769,178,167,345,,,,2Won
829771,103,111,214,,,,1Won
829773,187,163,350,,,,2Won
829775,167,137,304,,,,1Won
829777,181,160,341,,,,1Won
829779,143,122,265,,,,1Won
829781,160,128,288,,,,1Won
829783,148,144,292,,,,1Won
829785,215,79,294,,,,1Won
829787,186,187,373,,,,1Won
829789,152,157,309,,,,1Won
829791,174,177,351,,,,2Won
829793,159,153,312,,,,1Won
829795,228,192,420,,,,2Won
829797,149,139,288,,,,1Won
829799,180,173,353,,,,2Won
829801,112,120,232,,,,1Won
829803,102,76,178,,,,1Won
829805,161,158,319,,,,2Won
829807,128,82,210,,,,1Won
829809,121,128,249,,,,2Won
829811,189,164,353,,,,2Won
829813,181,2,183,,,,1Won
829815,107,106,213,,,,1Won
829817,178,154,332,,,,2Won
829819,168,106,274,,,,1Won
829821,132,133,265,,,,1Won
829823,196,154,350,,,,2Won
980901,108,121,229,,,,1Won
980903,86,88,174,,,,1Won
980905,154,156,310,,,,2Won
980907,220,171,391,,,,2Won
980909,177,178,355,,,,1Won
980911,161,149,310,,,,1Won
980913,107,103,210,,,,1Won
980915,134,141,275,,,,2Won
980917,133,136,269,,,,2Won
980919,141,151,292,,,,2Won
980921,182,178,360,,,,2Won
980923,134,140,274,,,,1Won
980925,131,133,264,,,,1Won
980927,157,167,324,,,,2Won
980929,130,127,257,,,,1Won
980931,173,165,338,,,,2Won
980933,152,151,303,,,,1Won
980935,138,141,279,,,,1Won
980937,177,168,345,,,,2Won
980939,154,152,306,,,,1Won
980941,184,159,343,,,,2Won
980943,110,81,191,,,,1Won
980945,169,168,337,,,,2Won
980947,173,173,346,,,,2Won
980949,188,189,377,,,,2Won
980951,176,146,322,,,,1Won
980953,189,176,365,,,,2Won
980955,150,127,277,,,,1Won
980957,151,155,306,,,,2Won
980959,181,170,351,,,,2Won
980961,143,147,290,,,,1Won
980963,159,145,304,,,,2Won
980965,154,155,309,,,,1Won
980967,121,123,244,,,,1Won
980969,184,189,373,,,,2Won
980971,173,163,336,,,,1Won
980973,172,86,258,,,,1Won
980975,152,159,311,,,,1Won
980977,171,169,340,,,,2Won
980979,132,130,262,,,,1Won
980981,144,143,287,,,,2Won
980983,135,147,282,,,,2Won
980985,116,116,232,,,,1Won
980987,244,92,336,,,,1Won
980989,97,56,153,,,,1Won
980991,176,171,347,,,,2Won
980993,199,123,322,,,,1Won
980995,171,183,354,,,,1Won
980997,119,69,188,,,,1Won
980999,203,114,317,,,,1Won
981001,117,108,225,,,,1Won
981003,155,147,302,,,,2Won
981005,168,165,333,,,,2Won
981007,164,167,331,,,,1Won
981009,167,138,305,,,,1Won
981011,132,129,261,,,,1Won
981013,147,143,290,,,,2Won
981015,156,131,287,,,,1Won
981017,157,161,318,,,,2Won
981019,194,191,385,,,,2Won
1082591,200,166,366,,,,1Won
1082592,176,183,359,,,,1Won
1082593,179,169,348,,,,1Won
1082594,157,154,311,,,,1Won
1082595,151,137,288,,,,1Won
1082596,132,137,269,,,,1Won
1082597,169,168,337,,,,2Won
1082598,144,144,288,,,,1Won
1082599,197,103,300,,,,1Won
1082600,147,155,302,,,,1Won
1082601,154,160,314,,,,2Won
1082602,131,132,263,,,,1Won
1082603,166,167,333,,,,2Won
1082604,161,148,309,,,,1Won
1082605,178,135,313,,,,1Won
1082606,165,164,329,,,,1Won
1082607,148,126,274,,,,1Won
1082608,165,158,323,,,,2Won
1082609,148,144,292,,,,1Won
1082610,209,184,393,,,,2Won
1082611,187,169,356,,,,1Won
1082612,186,191,377,,,,2Won
1082613,184,183,367,,,,1Won
1082614,126,120,246,,,,1Won
1082615,168,176,344,,,,2Won
1082616,183,155,338,,,,1Won
1082617,123,42,165,,,,1Won
1082618,156,151,307,,,,2Won
1082620,175,171,346,,,,2Won
1082621,122,127,249,,,,1Won
1082622,153,151,304,,,,2Won
1082623,204,176,380,,,,2Won
1082624,153,92,245,,,,1Won
1082625,142,152,294,,,,1Won
1082626,62,66,128,,,,1Won
1082627,201,156,357,,,,2Won
1082628,158,158,316,,,,1Won
1082629,154,160,314,,,,2Won
1082630,177,186,363,,,,2Won
1082631,150,150,300,,,,1Won
1082632,203,202,405,,,,2Won
1082633,126,112,238,,,,1Won
1082634,141,134,275,,,,2Won
1082635,193,63,256,,,,1Won
1082636,155,153,308,,,,1Won
1082637,186,186,372,,,,2Won
1082638,128,136,264,,,,1Won
1082639,155,149,304,,,,2Won
1082640,184,194,378,,,,2Won
1082641,220,215,435,,,,2Won
1082642,161,151,312,,,,1Won
1082643,148,154,302,,,,1Won
1082644,156,156,312,,,,2Won
1082645,70,77,147,,,,1Won
1082646,152,144,296,,,,2Won
1082647,155,133,288,,,,1Won
1082648,121,44,165,,,,1Won
1082649,100,103,203,,,,1Won
1082650,121,119,240,,,,2Won
1136561,161,162,323,,,,2Won
1136562,160,166,326,,,,2Won
1136563,170,164,334,,,,2Won
1136564,117,119,236,,,,1Won
1136565,197,198,395,,,,2Won
1136566,150,57,207,,,,1Won
1136567,139,147,286,,,,1Won
1136568,149,155,304,,,,2Won
1136569,184,193,377,,,,2Won
1136570,131,134,265,,,,1Won
1136571,203,192,395,,,,2Won
1136572,196,180,376,,,,1Won
1136573,194,121,315,,,,1Won
1136574,196,160,356,,,,1Won
1136575,155,160,315,,,,1Won
1136576,185,165,350,,,,2Won
1136577,198,132,330,,,,1Won
1136578,182,124,306,,,,1Won
1136579,162,172,334,,,,1Won
1136580,178,176,354,,,,2Won
1136581,162,162,324,,,,1Won
1136582,129,130,259,,,,1Won
1136583,106,85,191,,,,1Won
1136584,197,196,393,,,,2Won
1136585,124,117,241,,,,1Won
1136586,215,160,375,,,,2Won
1136587,162,160,322,,,,1Won
1136588,150,139,289,,,,1Won
1136589,165,168,333,,,,2Won
1136590,204,190,394,,,,2Won
1136591,161,130,291,,,,1Won
1136592,189,142,331,,,,1Won
1136593,170,168,338,,,,1Won
1136594,164,170,334,,,,2Won
1136595,123,121,244,,,,1Won
1136596,160,158,318,,,,2Won
1136597,175,159,334,,,,1Won
1136598,144,152,296,,,,1Won
1136599,137,136,273,,,,1Won
1136600,155,136,291,,,,1Won
1136601,203,107,310,,,,1Won
1136602,184,189,373,,,,1Won
1136603,164,174,338,,,,1Won
1136604,240,207,447,,,,2Won
1136605,174,176,350,,,,1Won
1136606,166,179,345,,,,2Won
1136607,159,161,320,,,,1Won
1136608,83,88,171,,,,1Won
1136609,140,143,283,,,,2Won
1136610,175,174,349,,,,2Won
1136611,214,199,413,,,,2Won
1136612,153,126,279,,,,1Won
1136613,159,131,290,,,,1Won
1136614,161,166,327,,,,2Won
1136615,162,156,318,,,,1Won
1136616,142,150,292,,,,1Won
1136617,130,135,265,,,,1Won
1136618,159,143,302,,,,2Won
1136619,169,157,326,,,,1Won
1136620,170,175,345,,,,2Won
1175356,66,66,132,,,,1Won
1175357,173,179,352,,,,2Won
1175358,207,167,374,,,,1Won
1175359,168,165,333,,,,1Won
1175360,140,142,282,,,,1Won
1175361,213,184,397,,,,2Won
1175362,177,176,353,,,,1Won
1175363,193,195,388,,,,2Won
1175364,169,169,338,,,,1Won
1175365,177,181,358,,,,2Won
1175366,229,105,334,,,,1Won
1175367,168,160,328,,,,1Won
1175368,157,141,298,,,,1Won
1175369,153,154,307,,,,1Won
1175370,164,119,283,,,,1Won
1175371,124,120,244,,,,1Won
1175372,200,193,393,,,,2Won
1178393,155,134,289,,,,1Won
1178394,130,90,220,,,,1Won
1178395,144,140,284,,,,2Won
1178396,128,129,257,,,,1Won
1178397,142,150,292,,,,2Won
1178398,104,103,207,,,,1Won
1178399,190,186,376,,,,2Won
1178400,144,146,290,,,,1Won
1178401,173,177,350,,,,2Won
1178402,183,184,367,,,,2Won
1178403,166,173,339,,,,1Won
1178404,152,160,312,,,,1Won
1178405,146,111,257,,,,1Won
1178406,163,166,329,,,,2Won
1178407,170,160,330,,,,1Won
1178408,125,134,259,,,,1Won
1178409,162,120,282,,,,1Won
1178410,207,187,394,,,,2Won
1178411,152,156,308,,,,1Won
1178412,158,155,313,,,,2Won
1178413,154,155,309,,,,1Won
1178414,157,148,305,,,,1Won
1178415,186,192,378,,,,2Won
1178416,171,167,338,,,,1Won
1178417,191,181,372,,,,2Won
1178418,165,172,337,,,,1Won
1178419,151,102,253,,,,1Won
1178420,151,156,307,,,,2Won
1178421,182,166,348,,,,2Won
1178422,225,192,417,,,,2Won
1178423,192,160,352,,,,1Won
1178424,59,39,98,,,,1Won
1178425,172,99,271,,,,2Won
1178426,154,159,313,,,,1Won
1178427,180,178,358,,,,2Won
1178428,106,116,222,,,,1Won
1178429,171,169,340,,,,2Won
1178430,168,159,327,,,,1Won
1178431,123,131,254,,,,1Won
1181764,126,124,250,,,,2Won
1181766,152,159,311,,,,2Won
1181767,139,140,279,,,,1Won
1181768,146,139,285,,,,2Won
1216492,157,162,319,,,,2Won
1216493,148,149,297,,,,1Won
1216494,81,80,161,,,,1Won
1216495,148,143,291,,,,2Won
1216496,207,195,402,,,,2Won
1216497,187,129,316,,,,1Won
1216498,119,110,229,,,,1Won
1216499,161,158,319,,,,2Won
1216500,170,128,298,,,,1Won
1216501,157,153,310,,,,1Won
1216502,109,115,224,,,,1Won
1216503,185,136,321,,,,2Won
1216504,163,130,293,,,,1Won
1216505,148,148,296,,,,1Won
1216506,151,140,291,,,,1Won
1216507,155,157,312,,,,2Won
1216508,181,141,322,,,,1Won
1216509,175,181,356,,,,2Won
1216510,195,100,295,,,,1Won
1216511,179,134,313,,,,1Won
1216512,160,153,313,,,,1Won
1216513,174,170,344,,,,2Won
1216514,151,155,306,,,,1Won
1216515,226,197,423,,,,2Won
1216516,156,146,302,,,,1Won
1216517,169,172,341,,,,2Won
1216518,151,149,300,,,,1Won
1216519,186,126,312,,,,1Won
1216520,143,147,290,,,,1Won
1216521,102,114,216,,,,1Won
1216522,167,166,333,,,,2Won
1216523,155,160,315,,,,1Won
1216524,208,122,330,,,,1Won
1216525,157,127,284,,,,1Won
1216526,141,144,285,,,,1Won
1216527,213,218,431,,,,2Won
1216528,162,141,303,,,,1Won
1216529,157,162,319,,,,2Won
1216530,184,126,310,,,,1Won
1216531,159,165,324,,,,1Won
1216532,155,136,291,,,,1Won
1216533,120,119,239,,,,1Won
1216534,158,138,296,,,,2Won
1216535,105,110,215,,,,1Won
1216536,170,169,339,,,,2Won
1216537,174,181,355,,,,2Won
1216538,204,159,363,,,,1Won
1216539,167,126,293,,,,1Won
1216540,185,106,291,,,,1Won
1216541,186,185,371,,,,2Won
1216542,190,128,318,,,,1Won
1216543,151,143,294,,,,1Won
1216544,136,148,284,,,,1Won
1216545,135,138,273,,,,2Won
1216546,160,159,319,,,,2Won
1216547,191,196,387,,,,2Won
1237177,196,137,333,,,,1Won
1237178,127,122,249,,,,1Won
1237180,181,166,347,,,,2Won
1237181,152,153,305,,,,1Won
1254058,155,148,303,,,,1Won
1254059,178,186,364,,,,2Won
1254060,180,170,350,,,,1Won
1254061,215,208,423,,,,2Won
1254062,145,130,275,,,,1Won
1254063,139,131,270,,,,1Won
1254064,142,147,289,,,,2Won
1254065,102,100,202,,,,1Won
1254066,139,132,271,,,,2Won
1254067,196,162,358,,,,2Won
1254068,187,187,374,,,,1Won
1254069,174,130,304,,,,1Won
1254070,132,128,260,,,,1Won
1254071,109,116,225,,,,1Won
1254072,207,188,395,,,,2Won
1254073,164,173,337,,,,1Won
1254074,125,128,253,,,,1Won
1254075,124,120,244,,,,1Won
1254076,185,114,299,,,,1Won
1254077,155,150,305,,,,1Won
1254078,118,119,237,,,,1Won
1254079,169,164,333,,,,2Won
1254080,163,170,333,,,,2Won
1254081,165,155,320,,,,1Won
1254082,147,150,297,,,,1Won
1254083,174,134,308,,,,1Won
1254084,208,211,419,,,,2Won
1254085,206,157,363,,,,1Won
1254086,161,162,323,,,,1Won
1254087,86,89,175,,,,1Won
1254088,224,183,407,,,,2Won
1254089,184,183,367,,,,1Won
1254090,154,150,304,,,,1Won
1254091,124,136,260,,,,1Won
1254092,121,125,246,,,,2Won
1254093,87,90,177,,,,1Won
1254094,125,134,259,,,,2Won
1254095,137,134,271,,,,2Won
1254096,146,152,298,,,,2Won
1254097,145,115,260,,,,1Won
1254098,163,167,330,,,,2Won
1254099,129,135,264,,,,1Won
1254100,157,150,307,,,,2Won
1254101,155,159,314,,,,2Won
1254102,157,162,319,,,,2Won
1254103,145,145,290,,,,1Won
1254104,145,132,277,,,,1Won
1254105,121,135,256,,,,1Won
1254106,154,84,238,,,,1Won
1254107,118,113,231,,,,1Won
1254108,154,104,258,,,,1Won
1254109,112,117,229,,,,1Won
1254110,121,131,252,,,,2Won
1254111,176,174,350,,,,2Won
1254112,123,126,249,,,,1Won
1254113,151,152,303,,,,2Won
1254114,166,169,335,,,,2Won
1254115,125,134,259,,,,1Won
1254116,129,126,255,,,,2Won
1254117,186,156,342,,,,2Won
1304047,125,129,254,,,,1Won
1304048,174,168,342,,,,2Won
1304049,182,186,368,,,,2Won
1304050,154,152,306,,,,1Won
1304051,196,139,335,,,,1Won
1304052,122,118,240,,,,1Won
1304053,196,193,389,,,,2Won
1304054,126,135,261,,,,1Won
1304055,182,159,341,,,,2Won
1304056,164,146,310,,,,1Won
1304057,166,122,288,,,,1Won
1304058,165,147,312,,,,1Won
1304059,161,163,324,,,,1Won
1304060,158,159,317,,,,1Won
1304061,143,149,292,,,,1Won
1304062,185,183,368,,,,2Won
1304063,149,151,300,,,,1Won
1304064,147,145,292,,,,1Won
1304065,199,165,364,,,,2Won
1304066,156,157,313,,,,1Won
1304067,140,162,302,,,,2Won
1304068,203,184,387,,,,2Won
1304069,182,181,363,,,,1Won
1304070,188,152,340,,,,1Won
1304071,166,164,330,,,,1Won
1304072,191,166,357,,,,2Won
1304073,179,168,347,,,,1Won
1304074,144,144,288,,,,1Won
1304075,164,163,327,,,,2Won
1304076,201,197,398,,,,2Won
1304077,172,148,320,,,,1Won
1304078,113,113,226,,,,1Won
1304079,150,148,298,,,,2Won
1304080,217,194,411,,,,2Won
1304081,146,141,287,,,,1Won
1304082,56,70,126,,,,1Won
1304083,160,118,278,,,,2Won
1304084,173,160,333,,,,2Won
1304085,141,104,245,,,,1Won
1304086,181,188,369,,,,2Won
1304087,137,144,281,,,,1Won
1304088,141,118,259,,,,1Won
1304089,163,165,328,,,,2Won
1304090,146,150,296,,,,1Won
1304091,178,186,364,,,,2Won
1304092,193,184,377,,,,2Won
1304093,143,143,286,,,,1Won
1304094,129,133,262,,,,1Won
1304095,161,156,317,,,,2Won
1304096,195,175,370,,,,2Won
1304097,170,168,338,,,,1Won
1304098,175,183,358,,,,2Won
1304099,172,98,270,,,,1Won
1304100,184,118,302,,,,1Won
1304101,196,113,309,,,,1Won
1304102,154,103,257,,,,1Won
1304103,137,79,216,,,,1Won
1304104,154,154,308,,,,2Won
1304105,82,93,175,,,,1Won
1304106,202,145,347,,,,2Won
1304107,165,120,285,,,,1Won
1304108,126,127,253,,,,1Won
1304109,174,139,313,,,,2Won
1304110,150,136,286,,,,1Won
1304111,184,176,360,,,,2Won
1304112,208,198,406,,,,2Won
1304113,165,159,324,,,,1Won
1304114,145,135,280,,,,1Won
1304115,145,155,300,,,,2Won
1304116,145,154,299,,,,2Won
1312197,177,178,355,,,,2Won
1312198,197,171,368,,,,1Won
1312199,142,161,303,,,,1Won
1312200,128,124,252,,,,1Won
1359475,170,170,340,,,,2Won
1359476,187,140,327,,,,1Won
1359477,185,133,318,,,,1Won
1359478,195,124,319,,,,1Won
1359479,160,167,327,,,,1Won
1359480,201,187,388,,,,2Won
1359481,147,155,302,,,,1Won
1359482,187,182,369,,,,2Won
1359483,181,117,298,,,,1Won
1359484,117,110,227,,,,1Won
1359485,193,132,325,,,,2Won
1359486,149,149,298,,,,1Won
1359487,188,203,391,,,,2Won
1359488,137,145,282,,,,1Won
1359489,200,197,397,,,,2Won
1359490,161,167,328,,,,1Won
1359491,165,162,327,,,,2Won
1359492,142,146,288,,,,1Won
1359493,216,195,411,,,,2Won
1359494,163,148,311,,,,1Won
1359495,147,154,301,,,,1Won
1359496,171,182,353,,,,2Won
1359497,172,176,348,,,,2Won
1359498,219,207,426,,,,2Won
1359499,190,159,349,,,,1Won
1359500,148,132,280,,,,1Won
1359501,162,145,307,,,,1Won
1359502,115,121,236,,,,1Won
1359503,130,136,266,,,,2Won
1359504,134,126,260,,,,1Won
1359505,202,198,400,,,,2Won
1359506,176,171,347,,,,1Won
1359507,232,176,408,,,,2Won
1359508,140,136,276,,,,1Won
1359509,202,147,349,,,,2Won
1359510,193,173,366,,,,1Won
1359511,191,168,359,,,,1Won
1359512,242,188,430,,,,1Won
1359513,176,168,344,,,,1Won
1359514,187,184,371,,,,2Won
1359515,192,188,380,,,,2Won
1359516,187,204,391,,,,2Won
1359517,124,101,225,,,,1Won
1359518,125,120,245,,,,1Won
1359519,119,,119,,,,1Won
1359520,197,209,406,,,,2Won
1359521,163,152,315,,,,1Won
1359522,110,116,226,,,,1Won
1359523,131,135,266,,,,2Won
1359524,173,178,351,,,,2Won
1359525,221,163,384,,,,1Won
1359526,203,212,415,,,,1Won
1359527,166,178,344,,,,1Won
1359528,195,186,381,,,,2Won
1359529,152,129,281,,,,1Won
1359530,146,146,292,,,,1Won
1359531,216,185,401,,,,2Won
1359532,177,179,356,,,,1Won
1359533,154,132,286,,,,1Won
1359534,166,56,222,,,,1Won
1359535,138,135,273,,,,1Won
1359536,175,145,320,,,,2Won
1359537,167,157,324,,,,1Won
1359538,208,188,396,,,,2Won
1359539,180,180,360,,,,1Won
1359540,181,180,361,,,,2Won
1359541,213,135,348,,,,1Won
1359542,164,166,330,,,,1Won
1359543,188,195,383,,,,2Won
1359544,190,179,369,,,,1Won
1370350,167,142,309,,,,1Won
1370351,166,91,257,,,,1Won
1370352,223,164,387,,,,1Won
1370353,210,166,376,,,,1Won
1422119,160,160,320,,,,1Won
1422120,164,169,333,,,,2Won
1422121,200,197,397,,,,2Won
1422122,185,159,344,,,,1Won
1422123,156,159,315,,,,1Won
1422124,168,160,328,,,,2Won
1422125,200,132,332,,,,1Won
1422126,258,235,493,,,,2Won
1422127,178,168,346,,,,1Won
1422128,178,171,349,,,,1Won
1422129,192,174,366,,,,1Won
1422130,158,164,322,,,,1Won
1422131,180,158,338,,,,2Won
1422132,118,113,231,,,,1Won
1422133,171,142,313,,,,2Won
1422134,250,150,400,,,,1Won
1422135,190,187,377,,,,1Won
1422136,163,160,323,,,,1Won
1422137,172,186,358,,,,2Won
1422138,220,202,422,,,,2Won
1422139,158,118,276,,,,1Won
1426260,124,136,260,,,,1Won
1426261,175,173,348,,,,2Won
1426262,189,188,377,,,,2Won
1426263,186,196,382,,,,2Won
1426264,157,162,319,,,,1Won
1426265,139,149,288,,,,1Won
1426266,153,140,293,,,,2Won
1426267,198,179,377,,,,2Won
1426268,272,248,520,,,,2Won
1426269,202,208,410,,,,1Won
1426270,77,86,163,,,,1Won
1426271,181,162,343,,,,2Won
1426272,172,167,339,,,,1Won
1426273,261,191,452,,,,2Won
1426274,202,212,414,,,,1Won
1426275,138,143,281,,,,1Won
1426276,169,177,346,,,,2Won
1426277,206,204,410,,,,2Won
1426278,219,212,431,,,,2Won
1426279,199,161,360,,,,1Won
1426280,248,256,504,,,,2Won
1426281,249,230,479,,,,1Won
1426282,178,195,373,,,,1Won
1426283,189,194,383,,,,2Won
1426284,203,131,334,,,,1Won
1426285,140,153,293,,,,1Won
1426286,136,134,270,,,,1Won
1426287,144,153,297,,,,2Won
Grand Total,168246,154224,322470,,,,2Won
,,,,,,,1Won
,,,,,,,2Won
,,,,,,,2Won
,,,,,,,2Won
,,,,,,,2Won
,,,,,,,2Won
,,,,,,,2Won
,,,,,,,2Won
,,,,,,,2Won
,,,,,,,2Won
,,,,,,,2Won
,,,,,,,2Won
,,,,,,,2Won
,,,,,,,2Won
,,,,,,,2Won
,,,,,,,2Won
